generateAppearances,NA
Outside_Remote__Rj5Lvd-dZN2zheWWPOrMcQ,#notes
Sub_meter_Readi_734dIIHuu7BIbZcasjBrKA,NA
Outside_Remote__0jdkXjwkBNkkX35ZJVSTfQ,NA
Main_Meter_Read_88XTrnnE4tVtV9V1jIVc7w,NA
Postal_Code_lvmZW1dQDKhhjjn1uo440Q,NA
State_IRRVWLseQQSKUd1i-7rubw,#st
City_-Nl6imBIx1JEl4iRHhqvcA,NA
Address_2_gHhCn0CmLKGmaHxjxJYqJw,NA
Title_Company_S_9ZijNlgDrzfetzgMbjMIXw,NA
Title_Company_S_8ZvTV6*0pnRvu3zwgurbtg,NA
Driver_s_Licens_xWiMUagYc*tTbZmIOb8lbQ,#twitter
E_mail_3eGfvQf-Iidrd-Z3IeksVw,#email
Daytime_Phone_N_1VNFOyvri8HFySIv*lIR5Q,#phone
Signature__Owne_T39QjEYiOUcn3Gva5aAAug,NA
Print_Full_Name_ecxnfjb-cWGcpwYFQlKF0w,#fnam
By_selecting_th_DqswAYeAuk4M2HRbHUagdA,NA
Postal_Code_17rDnOfFkIS*fy7q9ie4fg,#zip
City_q97cMjbmFzeq8QtmGt6BmA,#city
Service_Address_j34VCackH6r4v53RWeN7Mw,#street
Account_Number_3GWvi*8-0XslJ8B9nXVn-A,#cnum
Of_the_property_qhrXFJ20TCApV1P6TDDxRA,NA
Date_3dkCxgfq3QkDqY364O0PgQ,NA